,mutation_scale,fung_mean
0,0.019836158401698188,0.07481554379765928